{"count":1,"self":34.2274112,"total":39.5068111,"children":{"InitializeActuators":{"count":32,"self":0.0015105,"total":0.0015105,"children":null},"InitializeSensors":{"count":32,"self":0.0010052,"total":0.0010052,"children":null},"AgentSendState":{"count":1723,"self":0.045792,"total":1.4233217999999999,"children":{"CollectObservations":{"count":17908,"self":1.3415934999999999,"total":1.3415934999999999,"children":null},"WriteActionMask":{"count":17908,"self":0.0121999,"total":0.0121999,"children":null},"RequestDecision":{"count":17908,"self":0.023736399999999998,"total":0.023736399999999998,"children":null}}},"DecideAction":{"count":1723,"self":1.5089550999999999,"total":1.5089550999999999,"children":null},"AgentAct":{"count":1723,"self":2.3446067999999998,"total":2.3446067999999998,"children":null}},"gauges":{},"metadata":{"timer_format_version":"0.1.0","start_time_seconds":"1749816673","unity_version":"6000.0.37f1","command_line_arguments":"C:\\Program Files\\Unity\\Hub\\Editor\\6000.0.37f1\\Editor\\Unity.exe -projectpath C:\\Users\\Chris\\Downloads\\cosc2527-cosc3144-assignment-3-rl-fixed-a3_g33_s3968971_s3918525_s4005338 -useHub -hubIPC -cloudEnvironment production","communication_protocol_version":"1.5.0","com.unity.ml-agents_version":"3.0.0","scene_name":"Survival","end_time_seconds":"1749816713"}}